Empresa,Localidad,Num
4TENERGY,Málaga,0
9 Ren España,Madrid,1
A&b ZIN TECNICO S.L. (En trámite,Mérida,3
ABALADOS,Sevilla,1
ABBITAT - Servicio Integral de Cocinas y Armarios,Guadiana del Caudillo,1
ACASOL Sistemas Solares Térmicos,Tiétar,1
ACCIONA,Rivas Vaciamadrid,1
ACTEIN SERVICIOS S.L.Obras,Badajoz,4
Actividad Consultora y Desarrollo,Badajoz,1
ADASA SISTEMAS S.A.U. (ADASA SISTEMAS S.A.U.)INGENIERÍA ESPECIALIDADES EN SOLUCIONES TECNOLÓGICAS APLICADAS AL CICLO DEL AGUA,El Prat de Llobregat,1
ADICO,Bienvenida,1
Agencia Extremeña de la EnergíaAuditorías energéticas a Aytos.,Badajoz,41
AGROINGEX S.L.Diseño de instalaciones eléctricas para equipos de bombeo,Don Benito,1
Agrotecnicas Extremeñas,Pueblonuevo del Guadiana,3
Air Liquide Medicinal S.L.El laboratorio AIR LIQUIDE Medicinal es especialista en gases de usos sanitarios. Fabrica y suministra gases medicinales; desarrolla,Madrid,0
ALBERALEX INGENIEROS,Hernán Cortes,1
"Albie S.ADescripcin de las principales actividades de la empresa
- Actividad Hostelera",Madrid,0
Alejandro Vivas TalaveroRealización de proyectos eléctricos,Losar de la Vera,2
ALTER ENERSUN,Mérida,2
Aluminios del Maestre,Fuente del Maestre,0
American National Can Iberica,Valdemorillo,0
AMG ENERGÍA Y TELECOMUNICACIONES S.L.Labores de ingeniería,Don Benito,1
AMORIN FORESTAL ESPAÑA S.L.Preparación de corcho en plancha,San Vicente de Alcántara,0
ANA MARÍA RODAS FUENTES (CLINICA SANESCO)Servicio de fisioterapia,Plasencia,0
Anabel-Tans,Mérida,1
ANANTA SOLUCIONES INDUSTRIALES S.A.,Casarrubios del Monte,1
ANTONIO CARLOS PANIAGUA ZAMORA (En trámite,Azuaga,1
Antonio Castro Rodríguez 000790952C,Mérida,1
Antonio Hueso,Trujillo,0
Antonio López CarpioEstudio de arquitectura y urbanismo,Badajoz,0
APIMET Construcciones Autoportantes S.L. (APIMET) (En trámite,Badajoz,5
Apligas,Mérida,0
APLISAIN,Badajoz,0
APPLUS NORCONTROL,Sada,1
AQUALIA Gestión Integral del Agua,Badajoz,3
Aries Ingeniería y Sistemas,Madrid,1
ARINCO Ingeniería,Badajoz,5
ARMIJOS PromocionesPromoción de obras y construcciones,Badajoz,0
Arproex,Mérida,1
ARQUIFAHO,Badajoz,8
ARRAM Consultores,Badajoz,24
ARTEGRAF RECA,Mérida,0
AS Solar Ibérica de Sistemas Energéticos Alternativos,Madrid,1
ASETEX INGENIEROS,Galaroza,1
ASINETAsociación de instaladores de electricidad y telecomunicaciones,Badajoz,1
Asistencia Técnica Industrial,Mérida,1
Asistencia,Sevilla,2
Asociación Cluster de la Energía de Extremadura-,Badajoz,7
Asociación Cluster del Metalmecánico en Extremadura (ACLUMEX)Cluster empresarial del sector metalmecánico de Extremadura cuyo principal objetivo es el aumento de la competitividad de sus integrantes bajo el lema de cooperar  para competir incidiendo principalmente en las áreas de I+D+i y mercadotecnia,Badajoz,1
Asociación Empresarial de Instaladores Electricistas y Telecomunicaciones (ASEMIET)Asosicación de instaladores electricistas y telecomunicaciones.,Cáceres,0
ASPLA Plásticos Españoles,Valdemorillo,2
ATELEX S.L.Mantenimiento de equipos electromédicos,Plasencia,1
"AUSCULTIA S.L. (AUSCULTIA)Proyectos de I+D+i
Cálculos de estructuras.
Estudios patológicos de estructuras.",Galaroza,7
AUTOMOCIÓN DEL OESTE,Badajoz,2
AVIZOR PORTAL DE SEGURIDAD S.L.Empresa de vigilancia y seguridad privada. Tanto presencial como con instalación de sistemas de alarma y video vigilancia.,Mérida,2
AYESA INGENIERÍA Y ARQUITECTURA,,2
Ayuntamiento de Badajoz,,4
Ayuntamiento de Helechosa de los MontesAprovechamiento de residuos forestales. Cogeneración,Helechosa de los Montes,0
Ayuntamiento de Navalmoral de la MataMantenimiento de instalaciones de la localidad,Navalmoral de la Mata,0
BANDAS CORTÉS S.L.,,1
Base Aérea de Talavera la Real,,11
Base General Menacho (Ministerio de Defensa)Mantenimiento de material e instalaciones del Ministerio de Defensa en la Base,Badajoz,1
Bialystok University of Technology,Bialystok (Polonia),1
BioBee Technologies,Badajoz,11
"BIOTHERMIA S.L.- Instalaciones térmicas e hidráulicas y mantenimiento.
- Instalaciones de refrigeración industrial y mantenimiento.",Badajoz,23
BLAS SEPULVEDA REBOLOSORealización de todo tipo de soldadura,La Garrovilla,1
Bloque Giralda,Sevilla,0
BOYMOSA,Cáceres,2
Brimax Guadiana,Guadiana del Caudillo,1
Bureau Veritas Español,Badajoz,1
"Business Development and Knowledge S.L. (BDK)Consultoría de Negocio
Desarrollo de Negocio
Marketing
Asistencia Profesional
Relaciones Públicas
Servicios Técnicos de Elaboración de Estudios de Ingeniería",Madrid,1
C y B Consultores,Badajoz,0
C. Y G. Carandini,Barcelona,1
Cabo Montajes Eléctricos,Montijo,1
Cabrera y Guadiana,Badajoz,1
Cactus Servicios Energéticos S.L. (Cactus Servicios Energéticos) (En trámite,Camas,1
Calconsa XXI,Sevilla,1
Cales y Piedras Extremeñas,Badajoz,1
CALPRISAFabricación de estructura metálica,Carbajo,1
Candela y Ballell,Cáceres,1
CAPILLA FABRICACIÓN MAQUINARIA AGRÍCOLA S.L.,Don Benito,1
Carnes y Conservas,Mérida,0
Carrier,Guadalajara,0
Casa Pablo Moreno-,Badajoz,2
"CASADO INGENIEROS S.L.ESTUDIO DE INGENIERÍA CON REDACCIÓN DE PROYECTO TÉCNICOS PARA INSTALACIONES VARIAS INDUSTRIALES E INSTALACIONES DE
ALMACENAMIENTO DE COMBUSTIBLES",Cáceres,1
CATELSA-Cáceres,Cáceres,18
Catia,Gévora,1
CAYETANO MANUEL MORENO MUELAS (CAYETANO MANUEL MORENO MUELAS)Diseño,Badajoz,2
Central Nuclear de AlmarazGeneración de energía eléctrica de origen nuclear,Torrecilla de los Ángeles,74
Centro de Estudios de Materiales y Control de Obras,Málaga,15
Centro de Estudios Energéticos y Radiofísicos,Badajoz,4
Centro de estudios socioeconómicos de extremadura (CESEX)Estudios económicos y asistencia técnica,Badajoz,0
CENTROWAGEN S.L.CONCESIONARIO OFICIAL DE LAS MARCAS AUDI Y VOLKSWAGEN PARA LA PROVINCIA DE BADAJOZ,Badajoz,2
Cerámica Nuestra Señora de BelénFabricación de ladrillos,Cabeza del Buey,0
Cerámicas Arco de Caparra,Plasencia,0
CERAMICS 3E DESIGN,Badajoz,1
CERTUM Control Técnico de la Edificación,Madrid,1
CESPA,Barcelona,1
CEYSA Control de equipos y sistemas automáticos,Badajoz,3
CLIMASOL INSTALACIONES Y MANTENIMIENTOS S.L (CLIMASOL)Instalaciones,Solana de los Barros,1
Climatización J. de Dios,Don Benito,0
Climatización,Olivenza,1
Climatizaciones Boya,Badajoz,1
CLONDEX - Marta Barroso Rodríguez (CLONDEX)La principal actividad de la empresa es la difusión y desarrollo en la tecnología de impresión 3D y de los sistemas CNC en general.,Badajoz,8
Club Puentenuevo de BadajozCentro educativo y de actividades extraescolares. Clases de apoyo y refuerzo para alumnos de E.P.O.,Badajoz,1
CN Ingeniería y MontajesFabricación y montaje de estructuras metálicas y de calderería. Maquinara agroalimentaria.,Segura de León,2
COBRA INSTALACIONES Y SERVICIOS S.A.,Madrid,14
COLEGIO OFICIAL DE INGENIEROS Y PERITOS DE BADAJOZ (COPITIBA)FINES Y FUNCIONES PROPIOS QUE LE ATRIBUYE LA LEGISLACIÓN VIGENTE DE COLEGIOS PROFESIONALES DE ÁMBITO ESTATAL Y AUTONÓMICO,Badajoz,2
Comercial Extremeña de Aislamientos,Segura de León,1
COMMTECH COMMISSIONING SERVICES,Rivera del Fresno,2
Comunicaciones Mantenimiento y Servicios,Badajoz,5
CONACON,Málaga,1
CONAM,Plasencia,0
Confederación Hidrográfica del Guadiana,Badajoz,2
Congresos & Eventos Consulting,Badajoz,1
Consejería de Economía,,2
CONSEJERÍA DE SALUD Y POLÍTICA SOCIAL,,12
Consejería de Sanidad y Consumo de la Junta de Extremadura,,16
CONSEJO SUPERIOR DE INVESTIGACIONES CIENTÍFICAS,,1
Conservas Vegetales de Extemadura,Villafranco del Guadiana,19
Construcciones Francisco Guzmán RománConstrucción y rehabilitación de edificios,Torreorgaz,1
Construcciones Mego,Cáceres,1
Construcciones Metálicas Extremeñas,Zafra,1
Construcciones OPIGAR,Don Benito,0
Construcciones Pozo Prieto,Badajoz,2
CONSULTING DE ENERGÍAS RENOVABLES SIGLO XXI (EMECECUADRADO ING ENERGÉTICOS) (En trámite,Totana,13
Consulting de Ingeniería Eliseo PérezProyectos y estudios de asesoría técnica,Badajoz,0
Consultora Técnica de Proyectos e Inversiones,Badajoz,13
CONTROL PROTECCIONES E INGENIERÍA 96 S.L.Análisis de riesgo,Mairena del Aljarafe,0
COOPERATIVAS AGROALIMENTARIAS DE EXTREMADURA,Mérida,0
Corchos de Mérida,San Vicente de Alcántara,1
CORUSEstudios de Ingeniería,Holanda,0
Coveless Ingeniería,Badajoz,19
Crea Enginnering Consulting,Cáceres,0
Creara Consultores,Madrid,0
CRISTIAN LAY,Jerez de los Caballeros,8
"CUALTIS S.L.U.-	Elaboracin de informes tcnicos de prevencin
-	Imparticin de actividades formativas en las empresas
-	Investigacin de accidentes y enfermedades profesionales",Badajoz,4
CUBO Construcciones de Extremadura,Don Benito,0
D.C.Gas Extremadura - Cristian Lay,Badajoz,7
DBEX Ingenieros,Cáceres,1
Dehesa International Ventures S.L.,Mérida,1
DEL ÁLAMO ORTIZEstudio de ingeniería,Segura de León,0
DEOLEO,Rivas Vaciamadrid,1
DEPAEX,Badajoz,2
Desarrollos tecnológicos del sur,Lobón,2
DEUTZ SPAIN,Zafra,144
DIAM CORCHOS S.A.Fabricación  de Tapones Tecnológicos de corcho.,San Vicente de Alcántara,5
DIPUTACIÓN PROVINCIAL DE CÁCERESADMINISTRACIN PBLICA,Cáceres,2
DISEC INGENIEROS C.B. (DISEC)Programación KNK,Badajoz,10
Diseño y Proyectos Técnicos,Dos Hermanas,1
Distribuidora de Publicaciones Boreal,Coria,1
Dor Faidwen,Mérida,2
Duarte y Gestión,Badajoz,0
DUCTOLUX,Mérida,14
E 24H DE ELECTRICISTAS,Navalmoral de la Mata,0
"E4 INGENIERIA Y CONTROL S.L. (ECUATRO)En Ecuatro estamos especializados en la búsqueda e implantación de soluciones de eficiencia energética enfocadas principalmente al sector público. Realizamos desde auditorías energéticas hasta la instalación y mantenimiento de los sistemas pasando por la búsqueda de subvenciones y/o financiación para conseguir viabilidad técnica y económica de los proyectos.

Además realizamos",Badajoz,4
ECOGESTION DEL GUADIANA S.L.U.Diseño de dispositivos electrónicos para la medida de la eficiencia energética en viviendas e instalaciones industriales,Badajoz,1
ECOINTEGRAL INGENIERÍA S.L.División de Energía: Ingeniería Eléctrica,Córdoba,0
EDIBON,Balboa,0
Edilizia Aplicada (EDILIZIA) (En trámite,Las Rozas,1
Editex Ingenieros,Segura de León,2
EDP,Lisboa (Portugal),0
"EFICAE SOLUCIONES C.B. (EFICAE)Se realizan los siguientes servicios:
Optimización y estudio de suministro eléctrico
Elaboración de informes
Auditorías Energéticas
Proyectos",Badajoz,31
EJA Instalaciones,Madrid,0
ELABOREX Calidad en la Construcción,Badajoz,17
Elatea Consultores de Ingeniería,Casarrubios del Monte,2
ELCOGÁS,Puertollano,0
ELECNOR,Badajoz,102
"ELÉCTRICA DE MONESTERIO S.A.INSTALACIONES ELÉCTRICAS
GESTIÓN",Sevilla,3
Eléctrica de Monesterio,Sevilla,2
Electricidad A. Valentín,Granja de Torrehermosa,0
Electricidad La Serena,Villanueva de la Serena,4
Electricidad VIR,Villanueva de la Serena,1
Eléctricos Vázquez,Zafra,3
Electrificaciones Becerra,Olivenza,0
Electrificaciones Delgado,Mérida,1
Electrificaciones Parra,Segura de León,1
Electrofil-Oeste Distribución,Badajoz,3
Electromedicina Extremeña,Plasencia,1
Electrotécnica Extremeña,Malpartida de Plasencia,2
Empresa Nacional de Residuos Radioactivos (ENRESA),Hornachuelos,3
EMPROLIM,Guareña,1
ENAGAS,Madrid,1
Endesa Distribución Eléctrica,Badajoz,43
Endesa Generación,Sevilla,8
ENDESA Ingeniería,Sevilla,1
ENERCYA,Badajoz,1
ENERGAL,Galaroza,1
Energía de Miajadas,Miajadas,5
Energía Solar de Badajoz,Badajoz,2
Energuia web (Energuia web) (En trámite,Pozuelo de Alarcón,1
ENETEC 1997,Segura de León,1
Enginnering Factory,Mérida,0
ENODE TELECOM S.L. (ENODE TELECOM)OPERADOR DE RED DE TELECOMUNICACIONES,Madrid,1
Entidad colaboradora de la Administración,Badajoz,1
EOSA Energía,Cáceres,3
Equipos Hidraúlicos Hidratubo,Badajoz,0
ERIN Renovables,Badajoz,9
Escribano Ingeniería y Proyectos,Cáceres,2
ESESOL INGENIERÍA ENERGÉTICA S.C.ESESOL INGENIERíA ENERGÉTICA S.C. es una empresa dedicada y comprometida con las energias renovables,Badajoz,2
Espinosa Lavado,Villagonzalo,0
"ESTUDIO DE ARQUITECTURA ARUP4 S.L.GESTION PROYECTOS
CALCULOS ESTRUCTURAS
PLANOS
MEDICIONES Y PRESUPUESTO
INSTALACIONES
EFICIENCIA ENERGETICA
ENERGIAS RENOVABLES EDIFICACION",Badajoz,0
Estudio de Ingeniería de Alfonso Canal MacíasEstudios,Cáceres,0
Estudio de Ingeniería y Desarrollo Solar,Tiétar,1
Estudio INGHERVI,Badajoz,1
Estudio Lucio Fernández,Castuera,1
EUROCONTROL,Madrid,1
EXFRIEL 2010,Mérida,0
Expal Disposal & Recovert,Cáceres,1
EXPAL Systems,Madrid,1
EXPLOTACIONES FORESTALES MARLE S.L. (MARLE)Aprovechamiento forestal,Gévora,1
EXTRACOR AVA,San Vicente de Alcántara,0
Extremadura 2000 de estructuras,El Batán,3
Extremeña de Grasas,Mérida,0
Extremeña de prefabricados,Villanueva de la Serena,0
Falero & Laín IngenierosConsultoría y proyectos,Badajoz,13
FCC AQUALIA,Badajoz,2
Federación Extremeña de Empresarios del Mueble y la Madera (FEDEXMADERA),Cáceres,0
FERROSERProyectos y Direcciones de Obra,Madrid,3
FERROVIAL Servicios,Madrid,20
FEYCA,Villanueva de la Serena,4
FLORENCIO ROSA IGLESIAS (FLORENCIA ROSA IGLESIAS),Zafra,1
FLORES CORTÉS DON BENITO S.L. (FLORES CORTES DON BENITO)Fabricación de herramientas de mano,Don Benito,3
FOMENTO DE ENERGÍAS RENOVABLES Y DESARROLLO MEDIOAMBIENTAL,Badajoz,1
Fomento Medio Ambiente en Extremadura,Cáceres,1
FONTELEX,Olivenza,0
FORGE ADOUR IBERICA,Villafranca de los Barros,6
Forjados LUAL,Villanueva de la Serena,6
Forjados y Materiales Forma,Cáceres,3
Foster Wheeler Energia,Las Rozas,1
Francisco Javier Carmona Fernández (Editorial abecedario)Edición. Comercio electrónico. Comercio producto oficina. Papelería. Librería.,Badajoz,0
"FRANCISCO JAVIER PILAR FERNÁNDEZAsesoría Energética
Legalización de instalaciones
Proyectos de adecuación de locales
Certificados de eficiencia energética
Revisiones peridiócas",Puebla de la Calzada,1
Franco,Segura de León,1
"FREEDÔM INGENIERÍA DOMÓTICA Y TELECOMUNICACIONES S.L.Ingeniería.
Proyectos de electricidad.
Proyectos de domótica.
Energías renovables
Automatización",Madrid,2
FRIEX,Don Benito,1
FRUDESA,Benimodo,1
Fuentecapala,Navalmoral de la Mata,2
Fundación Alcalá InnovaPromoción del desarrollo sostenible,Bienvenida,0
Fundación Centro de Cirugía de Mínima Invasión Jesús Usón (CCMIJU),Cáceres,5
Fundación Centro Tecnológico Industrial de Extremadura (CETIEX)Innovación y proyectos de ingeniería,Badajoz,17
Fundación Laboral de la ConstrucciónFormación en diversos ámbitos para el sector de la construcción,Mérida,21
FUNDACIÓN PARA EL ESTUDIO Y DESARROLLO DE LA IMPLANTOLOGÍA,Badajoz,3
Fundación Rafael EscoláFundación de excelencia industrial,Madrid,0
Gameroil,Mérida,2
GAMMA SOLUTIONS S.L. (GAMMA SOLUTIONS)Empresa de Ingeniería basada en proyectos de ingeniería renovables,Cáceres,3
García García del Acero,Segura de León,0
Garogas de Instalaciones,Mérida,0
GEOCORK S.C.,Badajoz,1
Gesolpac,Badajoz,8
Gestamp Eólica S.LGestamp Wind promociona,Madrid,1
GESTIÓN DE AGUAS DE MÉRIDA UTEGesión del Agual,Mérida,1
Gestión de Aguas de Mérida,,1
Gestión e Instalaciones Eléctricas,Badajoz,0
Gestión integral de soluciones en energías renovables,Segura de León,1
Gestora Extremeña de Obras y Mantenimiento,Badajoz,1
GONZÁLEZ PROYECTOS TÉCNICOS,Badajoz,3
Gragera Industrial,Segura de León,7
GREEN FUEL EXTREMADURA S.A.,Los Santos de Maimona,2
GREENPRINTS LABS S.L.U. (GREENPRINTS )Fabricación industrial de filamentos poliméricos para impresión 3D mediante FFF. Desarrollo de nuevos materiales para fabricación 3D aditiva.,Badajoz,2
Grupo Alfonso Gallardo,Jerez de los Caballeros,15
Grupo ALTEN Soporte Global,,3
GRUPO CRISTIAN LAY,,9
Grupo IDIE,Villanueva de la Serena,1
GRUPO INDULAMP ENERGY SLFabricación e instalación de luminarias de alta eficiencia energética (led e inducción),Villanueva de la Serena,1
Grupo Industrial Cáceres (GIC),Cáceres,2
Grupo INNOZAVI S.L.,Zafra,1
Grupo MGO,,1
Grupo Render Industrial,Navalmoral de la Mata,1
Guillermo Alonso León,Badajoz,0
GYDES Ingeniería,Don Benito,2
HEATCOOL EVENT S.L. (En trámite,Navalvillar de Pela,4
HEATCOOL EVENT,Nogales,2
Herma Productos de Limpieza (HERMA) (En trámite,Santiago del Campo,1
Herrera Estructuras y Construcciones Industriales,Badajoz,2
Hidalgo Barquero,Mérida,2
HIDRÁULICOS BADAJOZ S.L.Desarrollo de proyectos hidráulicos. Colaboración con empresas de maquinaria agrícola e industrial,Badajoz,2
Hierros García Sanchez,Cáceres,0
Hijos de Jacinto Guillén,Guareña,1
Hilaturas del GuadianaFabricación de hilados de algodón,Mérida,0
Hispanomoción,Badajoz,1
Hospital de Don Benito - VillanuevaInstalación hospitalaria (mantenimiento),Don Benito,1
Hospitales Universitarios Virgen del RocíoServicio Andaluz de Salud,Sevilla,0
HOTEL LEO S.L. (HOTEL LEO)Empresa dedicada a la hostelería y al hospedaje.,Monesterio,1
I MÁS D RUNNING (I+D RUNNING) (En trámite,Sevilla,0
I+D Extremadura,Mérida,7
IAM,Badajoz,0
IBERCAUX 99,Guareña,0
Iberdrola España,Bilbao,1
IBERDROLA Ingeniería y Construcción,Madrid,1
IBERDROLA Renovables,Valencia,2
IBERDROLA,Bilbao,4
IBERDROLA. Ingeniería y ConsultoríaProyectos y Direcciones de Obra,Madrid,0
Ibérica de Control Técnico y Gestión de Calidad,Las Rozas,1
IBERMÁTICA S.A. (IBERMÁTICA)Ibermática es una de las principales compañías de servicios en Tecnologís de la Información del mercado español. Creada en 1973,San Sebastián,2
ICASUR,Badajoz,0
Ideario Marketing CB (Ideario) (En trámite,Badajoz,1
IFITEC ZG,Segura de León,1
IFV Solysol Fotovoltaica,Badajoz,3
"Imener desarrollo sostenible SLU (Imener)Venta e instalación de equipos para la producción de energías renovables
Comercialización de biomasa (pellets",La Albuera,2
IMPULSA DIRECCIÓN DE PROYECTOS S.L. (En trámite,Galaroza,11
IMTECH SpainMantenimiento integral de instalaciones,Madrid,3
INAPEL CONSULTORES,Badajoz,3
INDRA Sistemas,Rivas Vaciamadrid,0
INDRA SISTEMAS,Rivas Vaciamadrid,2
INDUSTRIA DE TURBO PROPULSORES S.A.Diseño,Zamudio,12
Industria transformadora especializada,Badajoz,2
INDUSTRIAL GOODS FOR PACKAGING S.L.Desarrollo prototipo máquina llenadora,Guareña,2
Industrias Danalu,Puebla de Sancho Pérez,1
Industrias Mecánicas de Extremadura,Casar de Cáceres,18
"Industrias Velasco Cabrera (VECA. Sistemas de Elevación)Puentes Grúa y Polipastos
Estructuras metálicas
Carrocerías
Cerrajerías
Retirada de materiales con amianto
Proyectos técnicos y asesoramiento",Valdelacalzada,4
Industrias y Promociones Alimenticias,Miajadas,6
ING & RES Energía,Minas de Riotinto,0
INGELEX S.C.Instalaciones eléctricas. Instalaciones en edificios de viviendas,Trujillo,2
Ingeniería Acústica Extremeña,Badajoz,2
Ingeniería Arquitectura Consultoría y Control,Badajoz,3
Ingeniería de Proyectos Diluma,Plasencia,1
Ingeniería de Proyectos y Gestión de Extremadura,Badajoz,6
Ingeniería de Sistemas de Información Cartgográfica,Casar de Cáceres,1
Ingeniería del Aire Comprimido Extremadura S.L. (AIRCOMPEX)Dimensionamiento,Badajoz,2
Ingeniería del Clima Santiago Andrada,Cáceres,3
"INGENIERÍA E INTEGRACIONESDesarrollo y montaje de cuadros eléctricos.
Apoyo a la realización de proyectos.
Desarrollo de ingeniería.",Hinojosa del Duque,1
"INGENIERÍA EMÉRITA S.L.INGENIERIA INDUSTRIAL
PROYECTOS Y DIRECCIÓN DE OBRAS
LICENCIAS DE OBRA Y APERTURA
CEDULAS DE HABITABILIDAD
IMPACTO AMBIENTAL
TASACIONES
INFORMES PERICIALES
TOPOGRAFIA Y DESLINDES",Mérida,1
INGENIERÍA HGFDiseño y construcción de maquinaria,Cáceres,0
Ingeniería Robótica Aplicada,Guareña,1
Ingeniería Simancas,Don Benito,2
Ingeniería Simancas,Don Benito,6
Ingeniería y Control,Badajoz,2
Ingeniería y Economía del Transporte S.M.E.M.P. (INECO) (En trámite,Madrid,1
Ingeniería y protección contra incendios de Extremadura,Segura de León,1
Ingeniería y Técnicas de Calidad,Derio,2
Ingeniería,Cáceres,5
Ingeniería,Villanueva de la Serena,3
Ingenieros Cáceres,Cáceres,1
Ingenieros Consultores Global Energy,Badajoz,1
Ingenieros de Cáceres,Cáceres,0
"INGENOSTRUM SLCONSULTORÍA TÉCNICA
DESARROLLO DE PROYECTOS DE INGENIERÍA DE ENERGÍAS RENOVABLES AUDITORÍA TÉCNICA SERVICIOS DE  PROMOCIÓN",Sevilla,2
INGESCO S.C.,Mérida,11
Ingram Micro,Barcelona,1
Inprex Servicio de Prevención de Riesgos Laborales,Segura de León,25
INQUIBA S.A.,,6
INSTALACIONES DE MANTENIMIENTO SOLACIUM S.L.Empresa dedicada a la realización de instalaciones de climatización,Cáceres,0
Instalaciones Eléctricas de la Vera,Jarandilla de la Vera,1
Instalaciones Eléctricas Lázaro,Trujillo,2
Instalaciones Energéticas MRC Extremadura,Badajoz,1
Instalaciones Extremeñas IN3,Badajoz,0
Instalaciones Inabensa,Sevilla,0
Instalaciones Isaías del Arco,Badajoz,0
Instaladora Pacense,Badajoz,3
Instaladores de Mérida,Mérida,0
Instituto de Ciencias de la Construcción Eduardo Torroja del CSIC (IETcc-CSIC)Investigación científica en el campo de la construcción. Asistencia científico-técnica al sector. Transferencia de conocimientos. Líneas de investigación más representativas: confort habitacional; contaminación por radiación natural; energía y medio ambiente; hidráulica en abastecimiento y saneamiento; ingeniería y seguridad estructural; corrosión y durabilidad; cementos; valorización de residuos; materiales vítreos y cerámicos; patrimonio arquitectónico; procesos patológicos y su diagnóstico; sistemas constructivos en la edificación; evaluación técnica de sistemas; estudios y desarrollo de códigos.,Madrid,3
Instituto Tecnológico  de Rocas Ornamentales y Materiales de Construcción (INTROMAC)Apoyo y colaboración en las actividades propias del Área de Patrimonio. servicios tecnologicos,Cáceres,3
Instituto Tecnológico Agroalimentario,,2
INTAEX Consultores,Villanueva de la Serena,1
INTEGESAServicios informáticos para arquitectura,Badajoz,0
Integral Ingenieros,Badajoz,4
INTELIGENCIA SISTEMÁTICA 4 S.L. (INSIS4)SERVICIOS DE CONSULTORÍA TECNOLÓGICA.,Madrid,0
INTEMAC,Madrid,1
INTERLUN,Cáceres,0
INVAEX,Casar de Cáceres,2
Inversolar Extremadura,Badajoz,14
INYGES CONSULTORES S.L.,Plasencia,1
ISOBER Ibérica,,1
ISOTROL S.A.Consultoría,Sevilla,1
J.C. del Alamo Ortiz,Segura de León,3
J.G. Borrego Gabinete Pericial,Badajoz,10
"J.P. ALCARAZ ELECTRÓNICA S.L. (J.P. ALCARAZ ELECTRÓNICA )Electrónica Industrial
Electrónica Naval
Electromercancías",Cartagena,1
JC Estudio S.C.Proyectos de BT,Mérida,1
Jesús Márquez Avelli (Jesús Márquez Avelli)Proyectos de ingeniería,Zahinos,1
JMR Ingeniería y Montajes,Cáceres,0
JOCA,,3
JOCA INGENIERA Y CONSTRUCCIONES,Badajoz,3
JORGE GRANELL SANTOS (CÍRCULO AZUL)La empresa ofrece servicios integrales de construcción desde la fase de proyectos a la ejecución material. Especializados en sistemas estructurales ligeros.,Cáceres,0
José Antonio Romero LópezIngeniería. Instalaciones eléctricas. Energía solar fotovoltaica.,Badajoz,7
José David Moscatel SánchezSector de la arquitectura e ingeniería. Realización de proyectos de construcción. Dirección de obras y coordinación de seguridad,Mérida,1
Juan Carlos González PérezOficina técnica de proyectos: naves industriales,Mérida,0
JUAN JIMÉNEZ CUADRADO,Miajadas,1
Juan Manuel López GallegoDesarrollo de proyectos de instalaciones. Ejecución de dirección de obras,Castuera,1
Juan Moreno García (JM PROYECTOS)Oficina técnica,Mérida,2
"JUAN PEDRO SANTANO CARRERO- Diagnóstico y reparación de averías en vehículos automóviles.
- Venta de recambios y otros.",Cáceres,0
Julián Durán Cedillo (FRICOEX)Instalación y reparación de frío industrial y aire acondicionado. Interconexiones frigoríficas y eléctricas. Automatismo.,Badajoz,0
KH VIVES S.L.Implementación de métodos de trabajo. Definición y documentación de procesos.,Aracena,1
KIT EXTREMARUDA,Villafranco del Guadiana,0
KONECTA BTO,Ormaiztegi,1
Laboratorio Extremeño de Acústica S.L.Mediciones in situ de aislamiento acústico (entre locales,Villanueva de la Serena,0
Laboratorio Extremeño,Malpartida de Cáceres,1
Las Mesas del Río,Badajoz,1
LEAN INVOVACIÓN CONSULTORES SLU (LEAN BEST)Consultoría especializada en mejora de procesos,Los Santos de Maimona,0
LEMON SERVICIOS ENERGÉTICOS S.L. (LEMON SERVICIOS ENERGÉTICOS )Eficiencia Energética y Energías Renovables,Badajoz,1
Logos Seguridad y Prevención Extremeña,Cáceres,4
Lozano y Asociados Consultores Técnicos de Construcción,Gijón,1
Luis Fernández ConejeroEstudio de ingeniería en el que se realizan proyectos de todo tipo de instalaciones,Badajoz,5
Luis Mª Barbado Santana (Estudio de Ingeniería Barbado)Realización de proyectos y dirección técnica de obra,Badajoz,3
Luminova,Badajoz,7
Luso-Hispania de Electrificaciones,Mérida,0
LYCCSA,Badajoz,1
M.P.MEDIOAMBIENTE,Sevilla,0
MAGTEL OPERACIONES SLUMAGTEL realiza trabajos de diseño tecnológico,Córdoba,4
"MANCOMUNIDAD INTEGRAL COMARCA DE OLIVENZAAsesoramiento y apoyo técnico en diversos aspectos:
-Aspectos técnicos industriales reseñados en las solicitudes de implantación de actividades.
- Ayudas en tareas de trabajos de campo",Olivenza,2
MANTENIMIENTO Y TRANSPORTADORES S.L. (MANTRA) (En trámite,Don Benito,1
Mantenimientos y montajes,Huelva,0
Manuel Ángel Sánchez Ramírez (LEAN Innovación Consultores)Consultoría de procesos. Mejora de procesos industriales no industriales mediente el empleo de técnicas Lean Manufacturing,Los Santos de Maimona,2
Manuel Antonio Villalba Parra (ASER Energías Renovables),Fuente de Cantos,0
Manuela González GonzálezOficina técnica,Badajoz,1
MAPFRE,Badajoz,1
Maquinaria Agrícola Cámara,Mérida,0
Máquinas Talleres Luis Alonso,Fuente de Cantos,1
"MAREXTEL ENERGÍA S.L.Instalaciones eléctricas y de climatización
Eficiencia energética
Asesoramiento técnico energético",Cáceres,1
MARGRASAM,Fregenal de la Sierra,0
MARPA,,2
Marsan Ingenieros S.L. (Marsan Ingenieros) (En trámite,Paterna,1
Martín y Cuadrado,Coria,2
Masa Huelva,Huelva,1
Materiales Eléctricos Extremeños,Segura de León,1
MAYCOEX S.L. (MAYCOEX)Redacción de proyectos y construcción de obras principalmente de índole medioambiental,Badajoz,1
Mecanoplástica,Irún,0
Medicina Preventiva Extremeña,Badajoz,2
MEDIOS DE PREVENCIÓN EXTERNOS DE EXTREMADURA S.L.Servicio de prevención ajeno. Visitas a empresas clientes,Badajoz,4
MEGAISAProyectos e instalaciones eléctricas,Don Benito,2
Miguel Ángel Zambrano MorenoConsultoría,Bodonal de la Sierra,1
MIVISA,,1
Mivisa Envases,Mérida,4
MONLIZ ESPAÑA S.L.Producción de vegetales escaldados,Villafranco del Guadiana,7
Montajes eléctricos Andrés Durán e Hijos,Badajoz,1
Montajes Eléctricos Antonio GilInstalaciones eléctricas en BT y MT,Trujillo,1
Montajes Eléctricos CAHE,Badajoz,8
MONTAJES ELÉCTRICOS DEL GUADIANA AGRÍCOLAS E INDUSTRIALES S.A. (MEGAISA)MONTAJES ELÉCTRICOS,Don Benito,0
Montajes Eléctricos Expósito,Cáceres,1
Montajes IFITEC S.L.L. (Montajes IFITEC) (En trámite,Galaroza,1
MONTEPORRINOS,Salvaleón,0
Moyba Asesores,Talarrubias,1
MQUESADA,Mérida,0
Multitecnica Asesores,Zafra,1
Muñoz Reja y Muñoz Ingenieros S.L.consultoría y realización de todo tipo de proyectos de ingeniería,San Benito de Olivenza,0
Murillo Muriel,Trujillo,2
Mutual CyclopsSeguridad Laboral,Sevilla,0
NEMOIN,Segura de León,2
Nestle España,Miajadas,0
NESTLE ESPAÑA,,5
NEW WELDING APPLICATIONS,Huelva,0
Nextail Labs SL (Nextail)Nextail comercializa un software que ayuda a las empresas a mejorar su gestin de los inventarios,Madrid,2
NIETO BERNÁLDEZ INGENIEROS,Badajoz,2
no usar-Comercial Extremeña de Aislamientos,Segura de León,0
NOVADELTA-COMERCIO E INDUSTRIA DE CAFÉS,Campo Maior (Portugal),1
NOVITECH (NOVITECH) (En trámite,Paris (Francia),0
NOVOTEC Consultores,Madrid,0
Nuevos Materiales Tecnológicos,Badajoz,6
OBRAYPRO,La Zarza,0
Occidental de Hormigones,Badajoz,0
OGESA,Badajoz,17
Oliventina Estructuras,Olivenza,1
Olives & Pickles,Galaroza,1
ONDUPACK,Segura de León,12
ONGAWA,Madrid,1
Optimus Ingeniería,Torremejía,1
Ovelar,Valencia del Ventoso,0
PANY Montajes eléctricosProyectos e instalaciones eléctricas,Cáceres,0
Pavimentos Industriales Especiales,Badajoz,1
Pedro Calderón SanzEstudio de Ingeniería Industrial y Acústica desde 1986,Mérida,1
Pedro María Benítez Romero (IPM Instalaciones)Instalaciones de climatización,Segura de León,2
Piensos Darauz,Burguillos del Cerro,2
PLACONSA,Cáceres,2
PMIngesolution - JUAN PABLO LÓPEZ SALAZAR (PMIngesolution) (En trámite,Badajoz,12
Powertrack Internacional Automoción S.L. (Powertrack ) (En trámite,Badajoz,1
PREMAP SEGURIDAD Y SALUD SLUAcompañamiento y apoyo en la realización de las actividades que realizan los Técnicos de prevención.,Badajoz,7
"PREVELAB CONSULTORES. S.L. (PREVELAB)Servicio de prevención de riesgos laborales.
Evaluación de riegos.
Formación de prevención de riesgos laborales.
Planificaciones de actividades preventivas.
Investigación de accidentes de trabajo
Planes de seguridad y salud
Coordinaciones de obra.",Plasencia,1
Preving Consultores,Badajoz,33
Procesos Industriales del Suroeste,Mérida,1
PROCLIMA S.L. (PROCLIMA)CLIMATIZACIÓN Y GAS,Badajoz,3
PRODYMEC INGENIERÍA DE FABRICACIÓN S.L. (PRODYMEC)Diseño y Fabricación de utillajes y componentes mecanizados para los sectores Aeronáutico,Zafra,1
PROIGAM INSTALACIONES S.L.ELABORACION DE PRESUPUESTOS DE INSTALACIONES TERMICAS,Segura de León,4
PROINSUREX,Zafra,0
PROMEDIO,Badajoz,2
Promociones y desarrollos urbanísticos TOREUM,Cáceres,2
PROMUSICA,,1
PROVIAL Construcciones y Proyectos,Segura de León,1
Proyectos Agroalimentarios ABN (ABN Consultoría),,1
Proyectos Alexa,Moraleja,1
Proyectos e instalaciones del gas del noroeste,Don Benito,0
Proyectos e Instalaciones Gregorio Ortiz,Badajoz,21
Proyectos Fernández ConejeroProyectos,Badajoz,0
Proyectos Fernández ConejeroProyectos de instalaciones eléctricas,Badajoz,0
Proyectos y Montajes Eléctricos Riosur,Casarrubios del Monte,0
PROYTEC Extremadura,Badajoz,0
"QUIRÓN PREVENCIÓN SLU (QUIRÓN PREVENCIÓN)-Asesoramiento en prevención.
-Estudios específicos
-Vigilancia de la salud",Badajoz,1
Ramón Criado y Cia.Instalaciones de Frío/Calor Industrial,Cáceres,2
Recio Pajares Montajes de Depuración,Malpartida de Plasencia,1
RECTIFICADOS EXTREMEÑOS (REXSAL) (En trámite,Mérida,1
Red Eléctrica de España,Rivas Vaciamadrid,2
Redes Anadiglinf Sorielo,Madrid,1
Renovables Extremadura,Cáceres,4
Renovables SAMCA,Zaragoza,6
REPSOL PETROLEO PUERTOLLANO,Puertollano,1
REPSOL S.A. (REPSOL S.A.),Madrid,1
RESILUX IBÉRICA PACKAGING,Higuera La Real,8
Ricardo Cabo Álava - Estudio de Ingniería (Ricardo Cabo Álava - Estudio d) (En trámite,Villafranca de los Barros,1
Rivero Sudón,Tiétar,11
Robinson Industria - Aglomerados Compostos de Cortiça,Portalegre (Portugal),2
Rodríguez Álvarez Teófilo,Badajoz,2
S.G.S. Inspecciones Reglamentarias,Madrid,1
SADIEL,Sevilla,0
SAINFORAN,Llerena,3
SAMPOL INGENIERÍA Y OBRAS S.A. (SAMPOL)PROYECTOS DE INGENIERÍA,Palma,2
Saneamientos Cortés,Cáceres,0
Santana MotorFabricación de vehículos automóviles,Linares,0
SCHINDLER,Badajoz,4
SEGUREX 06,Badajoz,3
Seguridad Integral SECOEX,Badajoz,8
"Senergy Product and Services S.L. (Senergy Product and Services)Mantenimiento de convertidores electrónicos de plantas fotovoltaicas
Fabricación de componentes eléctricos y electrónicos
Análisis energético de instalaciones eléctricas
Diseño de sistemas electrónicos de potencia",Badajoz,5
SEÑORÍO DE MONTANERA,Badajoz,3
Serman Instalaciones,Segura de León,1
Sersys Prevención,Badajoz,2
SERVEX Ingenieros,Olivenza,4
Servicio Ajeno de Prevención Laboral Extremeña,Badajoz,23
"SERVICIO DE PREVENCIÓN TECNICAURIA-EL MILAGRO S.L.Promover la prevención en la empresa
Realización de evaluación de riesgos
Promover medidas de control y reducción de riesgos
Información y formación a trabajadores
Seguimiento de planificaciones realizadas
Investigación de accidentes de trabajo",Coria,1
Servicios y Gestión de Instalaciones ExtremeñasEmpresa instaladora,Mérida,0
SERVICIOS Y GESTIÓN DE INSTALACIONES EXTREMEÑAS S.L. (SGI) (En trámite,Torremejía,0
Servi-Riegos Extremadura,Badajoz,0
Sierra Clara,Badajoz,8
SIGNUS MEDIZINTECHNIK GMBHDesarrollo,Alzenau (Alemania),1
Sinerging,Badajoz,0
Sistemas de Automatismo y Control,Badajoz,26
SMA Solar Technology Portugal,Palmela (Portugal),0
SOCIEDAD COOPERATIVA ANDALUZA GANADERA DEL VALLE DE LOS PEDROCHES  (COVAP)Alimentación Animal,Pozoblanco,1
Sociedad Cooperativa Limitada Nuestra Señora del Prado,Casar de Cáceres,1
Sociedad de Cementos y Materiales de Construcción de Andalucía,Córdoba,0
Sociedad de Prevencin de ASEPEYO,,2
Sociedad de Prevención de Fraternidad Muprespa,Cáceres,2
Sociedad de Prevención de Ibermutuamur S.L.U.Servicio de Prevención Ajeno,Madrid,1
SOCIEDAD DE PREVENCION FRATERNIDAD MUPRESPA SLUDESARROLLO DE LAS ACTIVIDADES PROPIAS DE UN SERVICIO DE PREVENCION DE RIESGOS LABORALES,Badajoz,1
Sociedad de Prevención FREMAP (FREMAP)Prevención de riesgos laborales,Cáceres,5
Sociedad Ibérica de Construcciones Eléctricas - SICE (SICE) (En trámite,Hernán Cortes,1
SOCIEDAD PÚBLICA DE RADIODIFUSIÓN Y TELEVISIÓN EXTREMEÑA,Mérida,1
Sociedad Urbanística de Mairena del Alcor,Mairena del Alcor,1
Sociedade Agricola do Monte Novo e Figueirinha,Beja (Portugal),2
Solar del Valle,Pozoblanco,1
SOLARIA Energías Renovables,Cáceres,6
SOLEA Ingeniería,Segura de León,1
SOLTEIN,Badajoz,32
Soluciones Métalicas del Alagón,Plasencia,0
SOLUCIONES METÁLICAS EXTREMEÑAS,Monesterio,1
"SOLVENTIA SOLUCIONES INTEGRALES S.L.Instalaciones Industriales.
Construcción y Obra Civil.",Zafra,1
SPB,Cheste,0
STATSOFT IBERICA REPRESENTAÇÃO E CONSULTORIA DE SOFTWARE LDARepresantación y constultoría de software. Soluciones analíticas empresariales.,Sao Domingos de Benfica (Lisboa),1
Step Innovation S.L. (StepInn3D) (En trámite,Badajoz,1
Talleres Remedios,Badajoz,1
"TANY NATUREOrganización Industrial
Mantenimiento de maquinaria",Zurbarán,1
TECHNOWAGEN C.B.Reparación de automóviles de alta gama,Badajoz,2
Tecnicauria S.L. (Tecnicauria) (En trámite,Coria,1
TECNIVAL Sociedad CooperativaOficina técnica de proyectos y peritajes,Valencia,0
TECNOCE S.L.Desarrollar sistemas de energía solar térmica y fotovoltaica,Gelves,4
Tecnorrail Tecnología en Movimiento,Zafra,1
TEKNICAM TECH ESPAÑA,Badajoz,10
TELESFORO MASA MASA (TELESFORO MASA)Proyectos agroindustriales en la cona de Vegas Altas del Guadiana. Proyectos de regadíos. Proyectos de industrias agroalimentarias.,Miajadas,2
TEMPER,Sevilla,0
TERMOPLÁSTICOS EXTREMEÑOS,Galaroza,1
TOHQI EUROPA S.L.FABRICACIÓN DE VEHÍCULOS ELÉCTRICOS.,Santa Cruz de Tenerife,1
TOMALIA SCUG (TOMALIA)Producción y comercialización de concentrado y cubitos de tomate,Santa Amalia,2
TOMATES DE MIAJADAS S.C.U.G.Transformación del tomate,Miajadas,1
TOMATES DEL GUADIANA S. COOPMANTENIMIENTO PREVENTIVO DE LAS LÍNEAS DE PRODUCCIÓN,Santa Amalia,2
TOMCOEX S.A.Fabricacin de conservas de tomate y salsas,Miajadas,1
Transformación Agraria,Madrid,1
Transformaciones Inoxidables de Badajoz,Villafranca de los Barros,3
Transformados Extremeños,Badajoz,0
Troil Vegas Altas,Guareña,4
TSEO Ingeniería,Badajoz,1
TXT INGENIERÍA,Badajoz,2
U.T.E. MANTENIMIENTO OLIVENZAOPERACIÓN Y MANTENIMIENTO DE UNA PLANTA TERMOSOLAR,Mérida,5
U.T.E. Nuevo Hospital de Cáceres,Badajoz,1
UGT-ExtremaduraSindicato de trabajadores. Los alumnos colaborarán con el departamento de prevención.,Mérida,0
ULBASA,La Albuera,1
Unión Española de ExplosivosFabricación de abonos,Madrid,0
Universidad de Extremadura,,5
UTE MANT-SALUD BADAJOZ EULEN SAINFORANMantenimiento de las instalaciones y edificios pertenecientes al área de salud de Badajoz,Badajoz,8
VALDEMAR INGENIEROS,Sevilla,2
VALLADARES INGENIERÍA SL,Madrid,0
VALSOLAR 2006,Badajoz,110
VEGENAT,Pueblonuevo del Guadiana,4
VEMA,Badajoz,0
VICENTE ACEDO,Miajadas,1
VIRAL GAMING ACADEMY (VGA BIKES)Desarrollo de bicicletas y motocicletas eléctricas. I+D+i. Producción y venta,Badajoz,0
VIRAL STUDIOS C.B. (Viral Studios)Viral Studios es una empresa de innovación especializada en el desarrollo de software utilizando la tecnología de Realidad Virtual,Badajoz,5
VODAFONE ESPAÑA SAU (VODAFONE)Servicios de telecomunicaciones,Madrid,1
VORSEVI,Badajoz,1
YNAR CONSULTORES TÉCNICOS S.L. (YNAR CONSULTORES)Proyectos,Galaroza,1
Zorexsol,Don Benito,1
